{
    "type": "recommendation",
    "metrics": {
        "top_1_hit_rate": 0.020618556701030927,
        "top_3_hit_rate": 0.2422680412371134,
        "top_5_hit_rate": 0.45103092783505155,
        "average_hit_rate": 0.2379725085910653,
        "total_scenarios": 388,
        "top_1_hits": 8,
        "top_3_hits": 94,
        "top_5_hits": 175
    },
    "data_info": {
        "evaluated_count": 388,
        "original_simulation_count": 388,
        "original_ground_truth_count": 388
    }
}