{
    "type": "recommendation",
    "metrics": {
        "top_1_hit_rate": 0.2190721649484536,
        "top_3_hit_rate": 0.47164948453608246,
        "top_5_hit_rate": 0.6185567010309279,
        "average_hit_rate": 0.436426116838488,
        "total_scenarios": 388,
        "top_1_hits": 85,
        "top_3_hits": 183,
        "top_5_hits": 240
    },
    "data_info": {
        "evaluated_count": 388,
        "original_simulation_count": 388,
        "original_ground_truth_count": 388
    }
}