{
    "type": "recommendation",
    "metrics": {
        "top_1_hit_rate": 0.20103092783505155,
        "top_3_hit_rate": 0.4742268041237113,
        "top_5_hit_rate": 0.6237113402061856,
        "average_hit_rate": 0.4329896907216495,
        "total_scenarios": 388,
        "top_1_hits": 78,
        "top_3_hits": 184,
        "top_5_hits": 242
    },
    "data_info": {
        "evaluated_count": 388,
        "original_simulation_count": 388,
        "original_ground_truth_count": 388
    }
}