{
    "type": "recommendation",
    "metrics": {
        "top_1_hit_rate": 0.21649484536082475,
        "top_3_hit_rate": 0.4948453608247423,
        "top_5_hit_rate": 0.6288659793814433,
        "average_hit_rate": 0.44673539518900346,
        "total_scenarios": 388,
        "top_1_hits": 84,
        "top_3_hits": 192,
        "top_5_hits": 244
    },
    "data_info": {
        "evaluated_count": 388,
        "original_simulation_count": 388,
        "original_ground_truth_count": 388
    }
}