{
    "type": "recommendation",
    "metrics": {
        "top_1_hit_rate": 0.03865979381443299,
        "top_3_hit_rate": 0.25257731958762886,
        "top_5_hit_rate": 0.46649484536082475,
        "average_hit_rate": 0.25257731958762886,
        "total_scenarios": 388,
        "top_1_hits": 15,
        "top_3_hits": 98,
        "top_5_hits": 181
    },
    "data_info": {
        "evaluated_count": 388,
        "original_simulation_count": 388,
        "original_ground_truth_count": 388
    }
}