{
    "type": "recommendation",
    "metrics": {
        "top_1_hit_rate": 0.16494845360824742,
        "top_3_hit_rate": 0.4020618556701031,
        "top_5_hit_rate": 0.5463917525773195,
        "average_hit_rate": 0.3711340206185567,
        "total_scenarios": 388,
        "top_1_hits": 64,
        "top_3_hits": 156,
        "top_5_hits": 212
    },
    "data_info": {
        "evaluated_count": 388,
        "original_simulation_count": 388,
        "original_ground_truth_count": 388
    }
}