{
    "type": "recommendation",
    "metrics": {
        "top_1_hit_rate": 0.10309278350515463,
        "top_3_hit_rate": 0.2603092783505155,
        "top_5_hit_rate": 0.4381443298969072,
        "average_hit_rate": 0.26718213058419243,
        "total_scenarios": 388,
        "top_1_hits": 40,
        "top_3_hits": 101,
        "top_5_hits": 170
    },
    "data_info": {
        "evaluated_count": 388,
        "original_simulation_count": 388,
        "original_ground_truth_count": 388
    }
}