{
    "type": "recommendation",
    "metrics": {
        "top_1_hit_rate": 0.09536082474226804,
        "top_3_hit_rate": 0.22164948453608246,
        "top_5_hit_rate": 0.3479381443298969,
        "average_hit_rate": 0.22164948453608246,
        "total_scenarios": 388,
        "top_1_hits": 37,
        "top_3_hits": 86,
        "top_5_hits": 135
    },
    "data_info": {
        "evaluated_count": 388,
        "original_simulation_count": 388,
        "original_ground_truth_count": 388
    }
}