{
    "type": "recommendation",
    "metrics": {
        "top_1_hit_rate": 0.2036082474226804,
        "top_3_hit_rate": 0.4742268041237113,
        "top_5_hit_rate": 0.6365979381443299,
        "average_hit_rate": 0.4381443298969072,
        "total_scenarios": 388,
        "top_1_hits": 79,
        "top_3_hits": 184,
        "top_5_hits": 247
    },
    "data_info": {
        "evaluated_count": 388,
        "original_simulation_count": 388,
        "original_ground_truth_count": 388
    }
}