{
    "type": "recommendation",
    "metrics": {
        "top_1_hit_rate": 0.01804123711340206,
        "top_3_hit_rate": 0.22938144329896906,
        "top_5_hit_rate": 0.43041237113402064,
        "average_hit_rate": 0.2259450171821306,
        "total_scenarios": 388,
        "top_1_hits": 7,
        "top_3_hits": 89,
        "top_5_hits": 167
    },
    "data_info": {
        "evaluated_count": 388,
        "original_simulation_count": 388,
        "original_ground_truth_count": 388
    }
}