{
    "type": "recommendation",
    "metrics": {
        "top_1_hit_rate": 0.002577319587628866,
        "top_3_hit_rate": 0.2345360824742268,
        "top_5_hit_rate": 0.45618556701030927,
        "average_hit_rate": 0.2310996563573883,
        "total_scenarios": 388,
        "top_1_hits": 1,
        "top_3_hits": 91,
        "top_5_hits": 177
    },
    "data_info": {
        "evaluated_count": 388,
        "original_simulation_count": 388,
        "original_ground_truth_count": 388
    }
}